MATCH_ID,DATE_TIME,HOME_TEAM_ID,AWAY_TEAM_ID,STADIUM_ID,HOME_TEAM_SCORE,AWAY_TEAM_SCORE,PENALTY_SHOOT_OUT,ATTENDANCE
mt1,9/15/2021 20:00,20,23,19,6,3,0,38062
mt2,9/15/2021 20:00,10,22,10,1,1,0,27546
mt3,9/28/2021 20:00,22,20,21,2,0,0,37350
mt4,9/28/2021 20:00,23,10,22,1,2,0,23500
mt5,10/19/2021 17:45,10,20,10,1,5,0,24915
mt6,10/19/2021 20:00,22,23,21,3,2,0,47359
mt7,11/3/2021 20:00,23,22,22,2,2,0,39794
mt8,11/3/2021 20:00,20,10,19,4,1,0,50228
mt9,11/24/2021 20:00,20,22,19,2,1,0,52030
mt10,11/24/2021 20:00,10,23,10,0,5,0,24072
mt11,12/7/2021 17:45,23,20,22,2,1,0,0
mt12,12/7/2021 17:45,22,10,21,4,1,0,47492
mt13,9/15/2021 20:00,4,13,4,0,0,0,40098
mt14,9/15/2021 20:00,18,1,17,3,2,0,51445
mt15,9/28/2021 20:00,13,18,13,1,5,0,23520
mt16,9/28/2021 20:00,1,4,1,1,2,0,35374
mt17,10/19/2021 20:00,4,18,4,2,3,0,60725
mt18,10/19/2021 20:00,13,1,13,1,0,0,32130
mt19,11/3/2021 17:45,1,13,1,1,1,0,39675
mt20,11/3/2021 20:00,18,4,17,2,0,0,51347
mt21,11/24/2021 20:00,18,13,17,2,0,0,52209
mt22,11/24/2021 20:00,4,1,4,0,1,0,61019
mt23,12/7/2021 20:00,13,4,13,1,3,0,38830
mt24,12/7/2021 20:00,1,18,1,1,2,0,56237
mt25,9/15/2021 17:45,6,7,6,1,2,0,22445
mt26,9/15/2021 20:00,29,2,27,1,5,0,20382
mt27,9/28/2021 17:45,2,6,2,2,0,0,52628
mt28,9/28/2021 20:00,7,29,7,1,0,0,25000
mt29,10/19/2021 17:45,6,29,6,1,4,0,22936
mt30,10/19/2021 20:00,2,7,2,4,0,0,54029
mt31,11/3/2021 20:00,7,2,7,1,3,0,54820
mt32,11/3/2021 20:00,29,6,27,4,0,0,40835
mt33,11/24/2021 17:45,6,2,6,1,2,0,11712
mt34,11/24/2021 20:00,29,7,27,3,1,0,41341
mt35,12/7/2021 20:00,2,29,2,4,2,0,0
mt36,12/7/2021 20:00,7,6,7,5,0,0,15000
mt37,9/15/2021 17:45,14,27,14,2,0,0,5205
mt38,9/15/2021 20:00,15,25,1,0,1,0,37082
mt39,9/28/2021 17:45,27,15,11,0,0,0,26170
mt40,9/28/2021 20:00,25,14,23,1,2,0,24522
mt41,10/19/2021 20:00,27,25,11,0,5,0,34037
mt42,10/19/2021 20:00,15,14,1,3,1,0,43305
mt43,11/3/2021 17:45,25,27,23,2,1,0,38105
mt44,11/3/2021 20:00,14,15,14,1,3,0,5930
mt45,11/24/2021 17:45,15,27,1,2,0,0,46225
mt46,11/24/2021 20:00,14,25,14,0,3,0,5932
mt47,12/7/2021 20:00,25,15,23,2,0,0,46887
mt48,12/7/2021 20:00,27,14,11,1,1,0,6841
mt49,9/14/2021 20:00,12,5,12,0,3,0,39737
mt50,9/14/2021 20:00,11,28,11,0,0,0,21657
mt51,9/29/2021 20:00,28,12,26,3,0,0,29454
mt52,9/29/2021 20:00,5,11,5,5,0,0,25000
mt53,10/20/2021 17:45,12,11,12,1,0,0,45968
mt54,10/20/2021 20:00,28,5,26,0,4,0,50000
mt55,11/2/2021 20:00,5,28,5,5,2,0,50000
mt56,11/2/2021 20:00,11,12,11,0,1,0,31378
mt57,11/23/2021 17:45,11,5,11,1,2,0,28732
mt58,11/23/2021 20:00,12,28,12,0,0,0,49572
mt59,12/8/2021 20:00,5,12,5,3,0,0,0
mt60,12/8/2021 20:00,28,11,26,2,0,0,37000
mt61,9/14/2021 17:45,8,21,8,2,1,0,31120
mt62,9/14/2021 20:00,31,3,29,2,2,0,12916
mt63,9/29/2021 17:45,3,8,3,1,0,0,8536
mt64,9/29/2021 20:00,21,31,20,2,1,0,73130
mt65,10/20/2021 20:00,21,3,20,3,2,0,72279
mt66,10/20/2021 20:00,8,31,8,1,4,0,27398
mt67,11/2/2021 20:00,3,21,3,2,2,0,14443
mt68,11/2/2021 20:00,31,8,29,2,0,0,14890
mt69,11/23/2021 17:45,31,21,29,0,2,0,20875
mt70,11/23/2021 20:00,8,3,8,3,3,0,31120
mt71,12/8/2021 20:00,21,8,20,1,1,0,73156
mt72,12/9/2021 18:00,3,31,3,2,3,0,11690
mt73,9/14/2021 17:45,26,24,24,1,1,0,18373
mt74,9/14/2021 20:00,17,30,16,0,0,0,34314
mt75,9/29/2021 20:00,24,17,22,2,1,0,24207
mt76,9/29/2021 20:00,30,26,28,1,1,0,11733
mt77,10/20/2021 17:45,24,30,22,3,1,0,27500
mt78,10/20/2021 20:00,17,26,16,0,0,0,34362
mt79,11/2/2021 17:45,30,24,28,2,1,0,16112
mt80,11/2/2021 20:00,26,17,24,1,2,0,29369
mt81,11/23/2021 20:00,17,24,16,1,0,0,33573
mt82,11/23/2021 20:00,26,30,24,2,0,0,28663
mt83,12/8/2021 20:00,24,26,22,1,0,0,0
mt84,12/8/2021 20:00,30,17,28,1,3,0,6544
mt85,9/14/2021 20:00,9,32,9,1,0,0,39252
mt86,9/14/2021 20:00,19,16,18,0,3,0,5832
mt87,9/29/2021 17:45,32,19,30,4,0,0,15339
mt88,9/29/2021 20:00,16,9,15,1,0,0,19934
mt89,10/20/2021 20:00,32,16,30,0,1,0,18717
mt90,10/20/2021 20:00,9,19,9,4,0,0,39095
mt91,11/2/2021 17:45,19,9,18,0,1,0,19551
mt92,11/2/2021 20:00,16,32,15,4,2,0,20053
mt93,11/23/2021 20:00,9,16,9,4,0,0,39513
mt94,11/23/2021 20:00,19,32,18,1,1,0,19551
mt95,12/8/2021 17:45,32,9,30,3,3,0,29349
mt96,12/8/2021 17:45,16,19,15,1,0,0,17501
mt97,2/15/2022 20:00,29,20,27,0,5,0,48129
mt98,2/15/2022 20:00,22,25,21,1,0,0,47443
mt99,2/16/2022 20:00,24,5,22,1,1,0,29520
mt100,2/16/2022 20:00,15,18,1,0,2,0,37918
mt101,2/22/2022 20:00,9,17,9,2,0,0,38832
mt102,2/22/2022 20:00,31,16,29,1,1,0,17686
mt103,2/23/2022 20:00,28,2,26,2,2,0,54760
mt104,2/23/2022 20:00,4,21,4,1,1,0,63273
mt105,3/8/2022 20:00,5,24,5,7,1,0,25000
mt106,3/8/2022 20:00,18,15,17,0,1,0,51747
mt107,3/9/2022 20:00,20,29,19,0,0,0,51213
mt108,3/9/2022 20:00,25,22,23,3,1,0,59895
mt109,3/15/2022 20:00,2,28,2,0,1,0,54066
mt110,3/15/2022 20:00,21,4,20,0,1,0,73008
mt111,3/16/2022 20:00,17,9,16,1,2,0,49048
mt112,3/16/2022 20:00,16,31,15,0,3,0,30385
mt113,4/5/2022 20:00,20,4,19,1,0,0,52018
mt114,4/5/2022 20:00,28,18,26,1,3,0,59633
mt115,4/6/2022 20:00,9,25,9,1,3,0,38689
mt116,4/6/2022 20:00,31,5,29,1,0,0,21626
mt117,4/12/2022 20:00,25,9,23,2,3,0,59839
mt118,4/12/2022 20:00,5,31,5,1,1,0,70000
mt119,4/13/2022 20:00,4,20,4,0,0,0,65675
mt120,4/13/2022 20:00,18,28,17,3,3,0,51373
mt121,4/26/2022 20:00,20,25,19,4,3,0,55097
mt122,4/27/2022 20:00,18,31,17,2,0,0,51586
mt123,5/3/2022 20:00,31,18,29,2,3,0,23665
mt124,5/4/2022 20:00,25,20,23,3,1,0,61416
mt125,5/28/2022 20:35,18,25,31,0,1,0,0
mt126,10/21/2020 17:55,24,39,22,2,2,0,3000
mt127,10/21/2020 20:00,5,4,5,4,0,0,0
mt128,10/27/2020 17:55,39,5,38,1,2,0,8196
mt129,10/27/2020 20:00,4,24,4,3,2,0,0
mt130,11/3/2020 17:55,39,4,38,1,1,0,8147
mt131,11/3/2020 20:00,24,5,22,2,6,0,0
mt132,11/25/2020 20:00,4,39,4,0,0,0,0
mt133,11/25/2020 20:00,5,24,5,3,1,0,0
mt134,12/1/2020 17:55,39,24,38,1,3,0,6759
mt135,12/1/2020 20:00,4,5,4,1,1,0,0
mt136,12/9/2020 20:00,5,39,5,2,0,0,0
mt137,12/9/2020 20:00,24,4,22,0,2,0,0
mt138,10/21/2020 17:55,25,27,42,2,3,0,0
mt139,10/21/2020 20:00,15,33,1,2,2,0,1000
mt140,10/27/2020 17:55,27,15,11,0,0,0,10178
mt141,10/27/2020 20:00,33,25,32,2,2,0,0
mt142,11/3/2020 17:55,27,33,11,0,6,0,0
mt143,11/3/2020 20:00,25,15,42,3,2,0,0
mt144,11/25/2020 17:55,33,27,32,4,0,0,0
mt145,11/25/2020 20:00,15,25,1,0,2,0,0
mt146,12/1/2020 17:55,27,25,11,2,0,0,0
mt147,12/1/2020 20:00,33,15,32,2,3,0,0
mt148,12/9/2020 20:00,15,27,1,0,0,0,0
mt149,12/9/2020 20:00,25,33,42,2,0,0,0
mt150,10/21/2020 20:00,20,13,19,3,1,0,0
mt151,10/21/2020 20:00,40,41,39,1,0,0,0
mt152,10/27/2020 20:00,13,40,13,2,0,0,2450
mt153,10/27/2020 20:00,41,20,40,0,3,0,0
mt154,11/3/2020 20:00,13,41,13,3,0,0,0
mt155,11/3/2020 20:00,20,40,19,3,0,0,0
mt156,11/25/2020 17:55,40,20,39,0,1,0,0
mt157,11/25/2020 20:00,41,13,40,0,2,0,0
mt158,12/1/2020 20:00,13,20,13,0,0,0,0
mt159,12/1/2020 20:00,41,40,40,2,1,0,0
mt160,12/9/2020 20:00,20,41,19,3,0,0,1
mt161,12/9/2020 20:00,40,13,39,0,2,0,0
mt162,10/21/2020 20:00,2,18,2,0,1,0,0
mt163,10/21/2020 20:00,34,3,33,0,4,0,132
mt164,10/27/2020 20:00,3,2,3,2,2,0,0
mt165,10/27/2020 20:00,18,34,17,2,0,0,0
mt166,11/3/2020 20:00,3,18,3,0,5,0,0
mt167,11/3/2020 20:00,34,2,33,1,2,0,132
mt168,11/25/2020 20:00,2,34,2,3,1,0,0
mt169,11/25/2020 20:00,18,3,17,0,2,0,0
mt170,12/1/2020 20:00,3,34,3,1,1,0,0
mt171,12/1/2020 20:00,18,2,17,1,0,0,0
mt172,12/9/2020 17:55,2,3,2,0,1,0,0
mt173,12/9/2020 17:55,34,18,33,1,1,0,0
mt174,10/20/2020 20:00,9,26,9,0,0,0,0
mt175,10/20/2020 20:00,42,36,41,1,1,0,4973
mt176,10/28/2020 17:55,36,9,35,0,4,0,10544
mt177,10/28/2020 20:00,26,42,24,1,0,0,0
mt178,11/4/2020 20:00,9,42,9,3,0,0,0
mt179,11/4/2020 20:00,26,36,24,3,2,0,1
mt180,11/24/2020 17:55,42,9,41,1,2,0,0
mt181,11/24/2020 17:55,36,26,35,1,2,0,10554
mt182,12/2/2020 17:55,36,42,35,1,0,0,8747
mt183,12/2/2020 20:00,26,9,24,0,4,0,0
mt184,12/8/2020 20:00,9,36,9,1,1,0,2000
mt185,12/8/2020 20:00,42,26,41,1,3,0,0
mt186,10/20/2020 17:55,32,10,30,1,2,0,16682
mt187,10/20/2020 20:00,38,7,37,3,1,0,1000
mt188,10/28/2020 20:00,7,32,7,2,0,0,0
mt189,10/28/2020 20:00,10,38,10,1,1,0,0
mt190,11/4/2020 17:55,32,38,30,1,1,0,0
mt191,11/4/2020 20:00,10,7,10,0,3,0,0
mt192,11/24/2020 20:00,7,10,7,3,0,0,0
mt193,11/24/2020 20:00,38,32,37,3,1,0,0
mt194,12/2/2020 20:00,7,38,7,1,1,0,0
mt195,12/2/2020 20:00,10,32,10,3,0,0,0
mt196,12/8/2020 17:55,32,7,30,1,2,0,10860
mt197,12/8/2020 17:55,38,10,37,2,2,0,0
mt198,10/20/2020 17:55,11,16,11,0,2,0,14850
mt199,10/20/2020 20:00,12,35,12,5,1,0,0
mt200,10/28/2020 20:00,35,11,34,2,2,0,6171
mt201,10/28/2020 20:00,16,12,15,0,2,0,0
mt202,11/4/2020 20:00,12,11,12,2,1,0,0
mt203,11/4/2020 20:00,35,16,43,1,4,0,18531
mt204,11/24/2020 20:00,11,12,11,0,4,0,0
mt205,11/24/2020 20:00,16,35,15,2,1,0,0
mt206,12/2/2020 20:00,16,11,15,3,0,0,0
mt207,12/2/2020 20:00,35,12,34,0,3,0,0
mt208,12/8/2020 20:00,11,35,11,1,0,0,0
mt209,12/8/2020 20:00,12,16,12,0,3,0,0
mt210,10/20/2020 20:00,23,37,22,2,0,0,999
mt211,10/20/2020 20:00,22,21,21,1,2,0,0
mt212,10/28/2020 17:55,37,22,36,0,2,0,350
mt213,10/28/2020 20:00,21,23,20,5,0,0,577
mt214,11/4/2020 17:55,37,21,36,2,1,0,350
mt215,11/4/2020 20:00,23,22,22,2,1,0,0
mt216,11/24/2020 20:00,21,37,20,4,1,0,545
mt217,11/24/2020 20:00,22,23,21,1,0,0,0
mt218,12/2/2020 17:55,37,23,36,3,4,0,0
mt219,12/2/2020 20:00,21,22,20,1,3,0,638
mt220,12/8/2020 20:00,23,21,22,3,2,0,0
mt221,12/9/2020 17:55,22,37,21,5,1,0,0
mt222,2/16/2021 20:00,23,18,43,0,2,0,0
mt223,2/16/2021 20:00,12,22,12,1,4,0,0
mt224,2/17/2021 20:00,13,16,13,2,1,0,0
mt225,2/17/2021 20:00,26,7,24,2,3,0,0
mt226,2/23/2021 20:00,38,5,37,1,4,0,0
mt227,2/23/2021 20:00,4,9,44,0,1,0,0
mt228,2/24/2021 20:00,33,20,43,0,2,0,0
mt229,2/24/2021 20:00,3,25,3,0,1,0,0
mt230,3/9/2021 20:00,16,13,15,3,2,0,0
mt231,3/9/2021 20:00,7,26,7,2,2,0,0
mt232,3/10/2021 20:00,18,23,43,2,0,0,0
mt233,3/10/2021 20:00,22,12,21,1,1,0,0
mt234,3/16/2021 20:00,20,33,43,2,0,0,0
mt235,3/16/2021 20:00,25,3,42,3,1,0,0
mt236,3/17/2021 20:00,5,38,5,2,1,0,0
mt237,3/17/2021 20:00,9,4,9,2,0,0,0
mt238,4/6/2021 20:00,20,7,19,2,1,0,0
mt239,4/6/2021 20:00,25,18,42,3,1,0,0
mt240,4/7/2021 20:00,13,9,24,0,2,0,0
mt241,4/7/2021 20:00,5,22,5,2,3,0,0
mt242,4/13/2021 20:00,9,13,24,0,1,0,0
mt243,4/13/2021 20:00,22,5,21,0,1,0,0
mt244,4/14/2021 20:00,7,20,7,1,2,0,0
mt245,4/14/2021 20:00,18,25,17,0,0,0,0
mt246,4/27/2021 20:00,25,9,42,1,1,0,0
mt247,4/28/2021 20:00,22,20,21,1,2,0,0
mt248,5/4/2021 20:00,20,22,19,2,0,0,0
mt249,5/5/2021 20:00,9,25,9,2,0,0,0
mt250,5/29/2021 20:00,20,9,13,0,1,0,14110
mt251,9/18/2019 17:55,10,46,10,0,0,0,26616
mt252,9/18/2019 20:00,22,25,21,3,0,0,46361
mt253,10/1/2019 17:55,25,10,23,2,2,0,65112
mt254,10/1/2019 20:00,46,22,48,0,1,0,46532
mt255,10/22/2019 20:00,10,22,10,0,5,0,26946
mt256,10/22/2019 20:00,46,25,48,0,1,0,48886
mt257,11/6/2019 20:00,22,10,21,1,0,0,47418
mt258,11/6/2019 20:00,25,46,23,6,0,0,65492
mt259,11/26/2019 17:55,46,10,48,1,1,0,34500
mt260,11/26/2019 20:00,25,22,23,2,2,0,75534
mt261,12/11/2019 20:00,22,46,21,5,0,0,46509
mt262,12/11/2019 20:00,10,25,10,1,3,0,27308
mt263,9/18/2019 17:55,40,51,39,2,2,0,31001
mt264,9/18/2019 20:00,5,44,5,3,0,0,70000
mt265,10/1/2019 20:00,51,5,53,2,7,0,60127
mt266,10/1/2019 20:00,44,40,46,3,1,0,43291
mt267,10/22/2019 20:00,51,44,53,5,0,0,51743
mt268,10/22/2019 20:00,40,5,39,2,3,0,31670
mt269,11/6/2019 17:55,5,40,5,2,0,0,63646
mt270,11/6/2019 20:00,44,51,46,0,4,0,42381
mt271,11/26/2019 20:00,51,40,53,4,2,0,57024
mt272,11/26/2019 20:00,44,5,46,0,6,0,44118
mt273,12/11/2019 20:00,5,51,5,3,1,0,66353
mt274,12/11/2019 20:00,40,44,39,1,0,0,31898
mt275,9/18/2019 20:00,27,20,55,0,3,0,36675
mt276,9/18/2019 20:00,45,3,47,4,0,0,28863
mt277,10/1/2019 17:55,3,27,1,1,2,0,26022
mt278,10/1/2019 20:00,20,45,19,2,0,0,49046
mt279,10/22/2019 17:55,27,45,55,2,2,0,21526
mt280,10/22/2019 20:00,20,3,19,5,1,0,49308
mt281,11/6/2019 20:00,45,27,47,3,3,0,28316
mt282,11/6/2019 20:00,3,20,1,1,1,0,34326
mt283,11/26/2019 20:00,20,27,19,1,1,0,52020
mt284,11/26/2019 20:00,3,45,1,2,0,0,28365
mt285,12/11/2019 17:55,27,3,55,0,3,0,26536
mt286,12/11/2019 17:55,45,20,47,1,4,0,29385
mt287,9/18/2019 20:00,4,16,4,2,2,0,66283
mt288,9/18/2019 20:00,43,39,45,1,2,0,26592
mt289,10/1/2019 20:00,16,43,15,3,0,0,34525
mt290,10/1/2019 20:00,39,4,38,0,2,0,27051
mt291,10/22/2019 17:55,4,43,4,1,0,0,56776
mt292,10/22/2019 20:00,16,39,15,2,1,0,38547
mt293,11/6/2019 17:55,39,16,38,1,2,0,26861
mt294,11/6/2019 20:00,43,4,45,2,1,0,28160
mt295,11/26/2019 17:55,39,43,38,0,2,0,25757
mt296,11/26/2019 20:00,16,4,15,1,0,0,40486
mt297,12/11/2019 20:00,4,39,4,2,0,0,58426
mt298,12/11/2019 20:00,43,16,45,0,2,0,29542
mt299,9/17/2019 20:00,50,18,52,2,0,0,38878
mt300,9/17/2019 20:00,24,47,22,6,2,0,29520
mt301,10/2/2019 17:55,47,50,49,0,0,0,19962
mt302,10/2/2019 20:00,18,24,17,4,3,0,52234
mt303,10/23/2019 20:00,24,50,22,2,3,0,29520
mt304,10/23/2019 20:00,47,18,49,1,4,0,19626
mt305,11/5/2019 20:00,18,47,17,2,1,0,52611
mt306,11/5/2019 20:00,50,24,52,1,1,0,32862
mt307,11/27/2019 20:00,18,50,17,1,1,0,52128
mt308,11/27/2019 20:00,47,24,49,1,4,0,17284
mt309,12/10/2019 17:55,50,47,52,4,0,0,22265
mt310,12/10/2019 17:55,24,18,22,0,2,0,29520
mt311,9/17/2019 17:55,15,49,1,1,1,0,50128
mt312,9/17/2019 20:00,7,12,7,0,0,0,66099
mt313,10/2/2019 17:55,49,7,51,0,2,0,19370
mt314,10/2/2019 20:00,12,15,12,2,1,0,86141
mt315,10/23/2019 20:00,15,7,1,2,0,0,65673
mt316,10/23/2019 20:00,49,12,51,1,2,0,19170
mt317,11/5/2019 17:55,12,49,12,0,0,0,67023
mt318,11/5/2019 20:00,7,15,7,3,2,0,66099
mt319,11/27/2019 20:00,12,7,12,3,1,0,90071
mt320,11/27/2019 20:00,49,15,51,1,3,0,19370
mt321,12/10/2019 20:00,7,49,7,2,1,0,65079
mt322,12/10/2019 20:00,15,12,1,1,2,0,71818
mt323,9/17/2019 17:55,48,32,50,1,1,0,47201
mt324,9/17/2019 20:00,28,23,26,1,2,0,46460
mt325,10/2/2019 20:00,32,28,30,3,1,0,51683
mt326,10/2/2019 20:00,23,48,22,0,2,0,40194
mt327,10/23/2019 17:55,23,32,22,2,1,0,41058
mt328,10/23/2019 20:00,28,48,26,2,1,0,53035
mt329,11/5/2019 17:55,32,23,30,0,2,0,50452
mt330,11/5/2019 20:00,48,28,50,3,1,0,51077
mt331,11/27/2019 17:55,32,48,30,2,0,0,51183
mt332,11/27/2019 20:00,23,28,22,2,2,0,38339
mt333,12/10/2019 20:00,28,32,26,3,0,0,40232
mt334,12/10/2019 20:00,48,23,50,2,2,0,53288
mt335,9/17/2019 20:00,9,52,9,0,1,0,39469
mt336,9/17/2019 20:00,2,17,2,3,0,0,51441
mt337,10/2/2019 20:00,52,2,54,0,3,0,44659
mt338,10/2/2019 20:00,17,9,16,1,2,0,48523
mt339,10/23/2019 17:55,2,9,2,0,1,0,52482
mt340,10/23/2019 20:00,17,52,16,1,1,0,47488
mt341,11/5/2019 20:00,9,2,9,4,4,0,39132
mt342,11/5/2019 20:00,52,17,54,4,1,0,38252
mt343,11/27/2019 17:55,52,9,54,2,2,0,43486
mt344,11/27/2019 20:00,17,2,16,0,2,0,48612
mt345,12/10/2019 20:00,9,17,9,2,1,0,40016
mt346,12/10/2019 20:00,2,52,2,0,1,0,51931
mt347,2/18/2020 20:00,7,22,7,2,1,0,66099
mt348,2/18/2020 20:00,4,18,4,1,0,0,67443
mt349,2/19/2020 20:00,3,52,1,4,1,0,44236
mt350,2/19/2020 20:00,51,23,53,0,1,0,60095
mt351,2/25/2020 20:00,9,5,9,0,3,0,36761
mt352,2/25/2020 20:00,50,12,52,1,1,0,44388
mt353,2/26/2020 20:00,25,20,23,1,2,0,75615
mt354,2/26/2020 20:00,48,16,50,1,0,0,57335
mt355,3/10/2020 20:00,52,3,54,3,4,0,0
mt356,3/10/2020 20:00,23,51,22,3,0,0,42146
mt357,3/11/2020 20:00,22,7,21,2,0,0,0
mt358,3/11/2020 20:00,18,4,17,2,3,0,45000
mt359,8/7/2020 20:00,20,25,19,2,1,0,0
mt360,8/7/2020 20:00,16,48,15,2,1,0,0
mt361,8/8/2020 20:00,5,9,5,4,1,0,0
mt362,8/8/2020 20:00,12,50,12,3,1,0,0
mt363,8/12/2020 20:00,3,22,26,1,2,0,0
mt364,8/13/2020 20:00,23,4,27,2,1,0,0
mt365,8/14/2020 20:00,12,5,26,2,8,0,0
mt366,8/15/2020 20:00,20,48,27,1,3,0,0
mt367,8/18/2020 20:00,23,22,26,0,3,0,0
mt368,8/19/2020 20:00,48,5,27,0,3,0,0
mt369,8/23/2020 20:00,22,5,26,0,1,0,0
mt370,9/18/2018 20:00,55,4,58,1,2,0,10575
mt371,9/18/2018 20:00,10,7,10,0,1,0,25181
mt372,10/3/2018 20:00,7,55,7,3,0,0,66099
mt373,10/3/2018 20:00,4,10,4,3,1,0,55742
mt374,10/24/2018 17:55,10,55,10,1,1,0,23957
mt375,10/24/2018 20:00,7,4,7,4,0,0,66099
mt376,11/6/2018 17:55,55,10,58,0,4,0,8347
mt377,11/6/2018 20:00,4,7,4,2,0,0,61023
mt378,11/28/2018 17:55,4,55,4,2,0,0,56314
mt379,11/28/2018 20:00,7,10,7,0,0,0,66099
mt380,12/11/2018 20:00,55,7,58,0,2,0,8731
mt381,12/11/2018 20:00,10,4,10,0,0,0,25645
mt382,9/18/2018 17:55,12,59,12,4,0,0,73462
mt383,9/18/2018 17:55,15,51,1,2,1,0,64123
mt384,10/3/2018 20:00,51,12,63,2,4,0,82137
mt385,10/3/2018 20:00,59,15,61,1,2,0,34750
mt386,10/24/2018 17:55,59,51,61,2,2,0,35000
mt387,10/24/2018 20:00,12,15,12,2,0,0,86290
mt388,11/6/2018 20:00,51,59,63,2,1,0,46588
mt389,11/6/2018 20:00,15,12,1,1,1,0,70915
mt390,11/28/2018 20:00,59,12,61,1,2,0,34600
mt391,11/28/2018 20:00,51,15,63,1,0,0,57132
mt392,12/11/2018 20:00,12,51,12,1,1,0,69961
mt393,12/11/2018 20:00,15,59,1,1,1,0,62533
mt394,9/18/2018 20:00,18,22,17,3,2,0,52478
mt395,9/18/2018 20:00,44,50,46,0,0,0,49112
mt396,10/3/2018 17:55,22,44,21,6,1,0,39979
mt397,10/3/2018 20:00,50,18,52,1,0,0,37057
mt398,10/24/2018 20:00,22,50,21,2,2,0,46274
mt399,10/24/2018 20:00,18,44,17,4,0,0,53024
mt400,11/6/2018 17:55,44,18,46,2,0,0,51318
mt401,11/6/2018 20:00,50,22,52,1,1,0,55489
mt402,11/28/2018 20:00,22,18,21,2,1,0,46880
mt403,11/28/2018 20:00,50,44,52,3,1,0,44470
mt404,12/11/2018 20:00,18,50,17,1,0,0,52015
mt405,12/11/2018 20:00,44,22,46,1,4,0,48357
mt406,9/18/2018 20:00,58,13,60,1,1,0,45755
mt407,9/18/2018 20:00,46,39,48,3,0,0,43542
mt408,10/3/2018 17:55,39,58,38,0,1,0,21471
mt409,10/3/2018 20:00,13,46,13,1,0,0,42711
mt410,10/24/2018 20:00,39,13,38,1,3,0,16034
mt411,10/24/2018 20:00,46,58,48,0,0,0,46667
mt412,11/6/2018 20:00,13,39,13,4,1,0,34616
mt413,11/6/2018 20:00,58,46,60,2,0,0,54740
mt414,11/28/2018 17:55,39,46,38,2,0,0,14037
mt415,11/28/2018 20:00,13,58,13,3,1,0,41603
mt416,12/11/2018 17:55,58,39,60,1,0,0,48883
mt417,12/11/2018 17:55,46,13,48,2,3,0,33972
mt418,9/19/2018 17:55,2,54,2,3,0,0,52285
mt419,9/19/2018 20:00,28,5,26,0,2,0,60274
mt420,10/2/2018 20:00,5,2,5,1,1,0,70000
mt421,10/2/2018 20:00,54,28,64,2,3,0,31154
mt422,10/23/2018 17:55,54,5,64,0,2,0,61221
mt423,10/23/2018 20:00,2,28,2,1,0,0,52489
mt424,11/7/2018 20:00,28,2,26,1,1,0,51328
mt425,11/7/2018 20:00,5,54,5,2,0,0,70000
mt426,11/27/2018 17:55,54,2,64,0,2,0,25756
mt427,11/27/2018 20:00,5,28,5,5,1,0,70000
mt428,12/12/2018 20:00,2,5,2,3,3,0,52244
mt429,12/12/2018 20:00,28,54,26,1,0,0,33633
mt430,9/19/2018 17:55,27,53,55,2,2,0,28336
mt431,9/19/2018 20:00,20,48,19,1,2,0,40111
mt432,10/2/2018 17:55,53,20,56,1,2,0,24851
mt433,10/2/2018 20:00,48,27,50,2,2,0,0
mt434,10/23/2018 20:00,27,20,55,0,3,0,37106
mt435,10/23/2018 20:00,53,48,56,3,3,0,24144
mt436,11/7/2018 20:00,20,27,19,6,0,0,52286
mt437,11/7/2018 20:00,48,53,50,2,2,0,53850
mt438,11/27/2018 20:00,48,20,50,2,2,0,56039
mt439,11/27/2018 20:00,53,27,56,2,3,0,22920
mt440,12/12/2018 20:00,27,48,11,1,1,0,38916
mt441,12/12/2018 20:00,20,53,19,2,1,0,50411
mt442,9/19/2018 20:00,25,56,23,3,0,0,69251
mt443,9/19/2018 20:00,60,57,62,2,2,0,11312
mt444,10/2/2018 20:00,57,25,65,1,0,0,71811
mt445,10/2/2018 20:00,56,60,37,5,0,0,41243
mt446,10/23/2018 20:00,56,57,37,3,0,0,46005
mt447,10/23/2018 20:00,25,60,23,2,1,0,67356
mt448,11/7/2018 17:55,57,56,65,1,2,0,64454
mt449,11/7/2018 20:00,60,25,62,0,5,0,11483
mt450,11/27/2018 17:55,57,60,65,1,2,0,52892
mt451,11/27/2018 20:00,56,25,37,0,2,0,59124
mt452,12/12/2018 17:55,25,57,23,0,3,0,51636
mt453,12/12/2018 17:55,60,56,62,2,1,0,11217
mt454,9/19/2018 20:00,52,16,54,0,2,0,46067
mt455,9/19/2018 20:00,8,21,8,0,3,0,31120
mt456,10/2/2018 17:55,16,8,15,3,0,0,40961
mt457,10/2/2018 20:00,21,52,20,0,0,0,73569
mt458,10/23/2018 17:55,8,52,8,1,1,0,31120
mt459,10/23/2018 20:00,21,16,20,0,1,0,73946
mt460,11/7/2018 17:55,52,8,54,3,1,0,36480
mt461,11/7/2018 20:00,16,21,15,1,2,0,41470
mt462,11/27/2018 20:00,16,52,15,1,0,0,39070
mt463,11/27/2018 20:00,21,8,20,1,0,0,72876
mt464,12/12/2018 20:00,52,21,54,2,1,0,36544
mt465,12/12/2018 20:00,8,16,8,2,1,0,30114
mt466,2/12/2019 20:00,21,22,20,0,2,0,74054
mt467,2/12/2019 20:00,56,13,37,2,1,0,51727
mt468,2/13/2019 20:00,51,7,63,3,0,0,71214
mt469,2/13/2019 20:00,2,25,2,1,2,0,52286
mt470,2/19/2019 20:00,48,12,50,0,0,0,57889
mt471,2/19/2019 20:00,18,5,17,0,0,0,52250
mt472,2/20/2019 20:00,58,20,60,2,3,0,54417
mt473,2/20/2019 20:00,4,16,4,2,0,0,67193
mt474,3/5/2019 20:00,7,51,7,0,1,0,66099
mt475,3/5/2019 20:00,25,2,23,1,4,0,77013
mt476,3/6/2019 20:00,22,21,21,1,3,0,47441
mt477,3/6/2019 20:00,13,56,13,3,1,0,49029
mt478,3/12/2019 20:00,20,58,19,7,0,0,51518
mt479,3/12/2019 20:00,16,4,15,3,0,0,40884
mt480,3/13/2019 20:00,12,48,12,5,1,0,92346
mt481,3/13/2019 20:00,5,18,5,1,3,0,68145
mt482,4/9/2019 20:00,18,13,17,2,0,0,52465
mt483,4/9/2019 20:00,51,20,53,1,0,0,60044
mt484,4/10/2019 20:00,2,16,2,1,1,0,50390
mt485,4/10/2019 20:00,21,12,20,0,1,0,74093
mt486,4/16/2019 20:00,16,2,15,1,2,0,41445
mt487,4/16/2019 20:00,12,21,12,3,0,0,96708
mt488,4/17/2019 20:00,13,18,13,1,4,0,49117
mt489,4/17/2019 20:00,20,51,19,4,3,0,53348
mt490,4/30/2019 20:00,51,2,53,0,1,0,60243
mt491,5/1/2019 20:00,12,18,12,3,0,0,98299
mt492,5/7/2019 20:00,18,12,17,4,0,0,55212
mt493,5/8/2019 20:00,2,51,2,2,3,0,52641
mt494,6/1/2019 20:00,51,18,4,0,2,0,63272
mt495,9/12/2017 19:45,21,63,20,3,0,0,73854
mt496,9/12/2017 19:45,28,57,26,1,2,0,38323
mt497,9/27/2017 19:45,63,28,68,5,0,0,34111
mt498,9/27/2017 19:45,57,21,59,1,4,0,29073
mt499,10/18/2017 19:45,28,21,26,0,1,0,57684
mt500,10/18/2017 19:45,57,63,59,0,2,0,27996
mt501,10/31/2017 19:45,21,28,20,2,0,0,74437
mt502,10/31/2017 19:45,63,57,68,1,2,0,33303
mt503,11/22/2017 17:00,57,28,59,2,0,0,27709
mt504,11/22/2017 19:45,63,21,68,1,0,0,36000
mt505,12/5/2017 19:45,28,63,26,0,2,0,22470
mt506,12/5/2017 19:45,21,57,20,2,1,0,74669
mt507,9/12/2017 19:45,5,67,5,3,0,0,70000
mt508,9/12/2017 19:45,62,22,67,0,5,0,57562
mt509,9/27/2017 19:45,22,5,21,3,0,0,46252
mt510,9/27/2017 19:45,67,62,72,0,3,0,19898
mt511,10/18/2017 19:45,67,22,72,0,4,0,19108
mt512,10/18/2017 19:45,5,62,5,3,0,0,70000
mt513,10/31/2017 19:45,22,67,21,5,0,0,46403
mt514,10/31/2017 19:45,62,5,67,1,2,0,58269
mt515,11/22/2017 19:45,67,5,72,1,2,0,19753
mt516,11/22/2017 19:45,22,62,21,7,1,0,46288
mt517,12/5/2017 19:45,5,22,5,3,1,0,70000
mt518,12/5/2017 19:45,62,67,67,0,1,0,57931
mt519,9/12/2017 19:45,56,4,37,0,0,0,36064
mt520,9/12/2017 19:45,9,66,9,6,0,0,41150
mt521,9/27/2017 17:00,66,56,74,1,2,0,67200
mt522,9/27/2017 19:45,4,9,4,1,2,0,60643
mt523,10/18/2017 17:00,66,4,74,0,0,0,47923
mt524,10/18/2017 19:45,9,56,9,3,3,0,41105
mt525,10/31/2017 19:45,56,9,37,3,0,0,55036
mt526,10/31/2017 19:45,4,66,4,1,1,0,55893
mt527,11/22/2017 17:00,66,9,74,0,4,0,67100
mt528,11/22/2017 19:45,4,56,4,2,0,0,56253
mt529,12/5/2017 19:45,9,4,9,1,1,0,40875
mt530,12/5/2017 19:45,56,66,37,1,0,0,34258
mt531,9/12/2017 19:45,12,16,12,3,0,0,78656
mt532,9/12/2017 19:45,40,29,39,2,3,0,30168
mt533,9/27/2017 19:45,16,40,15,2,0,0,33460
mt534,9/27/2017 19:45,29,12,27,0,1,0,48575
mt535,10/18/2017 19:45,12,40,12,3,1,0,55026
mt536,10/18/2017 19:45,16,29,15,2,1,0,36288
mt537,10/31/2017 19:45,40,12,39,0,0,0,31600
mt538,10/31/2017 19:45,29,16,27,1,1,0,48442
mt539,11/22/2017 19:45,16,12,15,0,0,0,40876
mt540,11/22/2017 19:45,29,40,27,3,1,0,42528
mt541,12/5/2017 19:45,12,29,12,2,0,0,48336
mt542,12/5/2017 19:45,40,16,39,0,2,0,29567
mt543,9/13/2017 19:45,18,26,17,2,2,0,52332
mt544,9/13/2017 19:45,65,68,70,1,1,0,12566
mt545,9/26/2017 19:45,68,18,73,1,1,0,43376
mt546,9/26/2017 19:45,26,65,24,3,0,0,34705
mt547,10/17/2017 19:45,68,26,73,5,1,0,44307
mt548,10/17/2017 19:45,65,18,70,0,7,0,12506
mt549,11/1/2017 19:45,26,68,24,2,1,0,38002
mt550,11/1/2017 19:45,18,65,17,3,0,0,47957
mt551,11/21/2017 17:00,68,65,73,1,1,0,42920
mt552,11/21/2017 19:45,26,18,24,3,3,0,39495
mt553,12/6/2017 19:45,18,68,17,7,0,0,48779
mt554,12/6/2017 19:45,65,26,70,1,1,0,11976
mt555,9/13/2017 19:45,27,50,55,2,1,0,32679
mt556,9/13/2017 19:45,64,20,69,0,4,0,43500
mt557,9/26/2017 19:45,20,27,19,2,0,0,45310
mt558,9/26/2017 19:45,50,64,52,3,1,0,22577
mt559,10/17/2017 19:45,20,50,19,2,1,0,48520
mt560,10/17/2017 19:45,64,27,69,1,2,0,43500
mt561,11/1/2017 19:45,50,20,52,2,4,0,44483
mt562,11/1/2017 19:45,27,64,55,3,1,0,24570
mt563,11/21/2017 19:45,50,27,52,3,0,0,10573
mt564,11/21/2017 19:45,20,64,19,1,0,0,43548
mt565,12/6/2017 19:45,27,20,55,2,1,0,33154
mt566,12/6/2017 19:45,64,50,69,2,1,0,36500
mt567,9/13/2017 19:45,13,6,13,1,3,0,42429
mt568,9/13/2017 19:45,23,55,22,1,1,0,40068
mt569,9/26/2017 19:45,55,13,58,0,3,0,11703
mt570,9/26/2017 19:45,6,23,6,2,0,0,36641
mt571,10/17/2017 19:45,55,6,58,1,2,0,7403
mt572,10/17/2017 19:45,23,13,22,3,2,0,41496
mt573,11/1/2017 17:00,6,55,6,1,1,0,39346
mt574,11/1/2017 19:45,13,23,13,3,1,0,41616
mt575,11/21/2017 17:00,6,13,6,1,1,0,36919
mt576,11/21/2017 19:45,55,23,58,1,4,0,9029
mt577,12/6/2017 19:45,13,55,13,5,2,0,42509
mt578,12/6/2017 19:45,23,6,22,1,2,0,42558
mt579,9/13/2017 19:45,51,7,63,3,1,0,67343
mt580,9/13/2017 19:45,25,61,23,3,0,0,71060
mt581,9/26/2017 19:45,7,25,7,1,3,0,65849
mt582,9/26/2017 19:45,61,51,66,0,3,0,16324
mt583,10/17/2017 19:45,25,51,23,1,1,0,76589
mt584,10/17/2017 19:45,61,7,66,1,1,0,15604
mt585,11/1/2017 19:45,51,25,63,3,1,0,83782
mt586,11/1/2017 19:45,7,61,7,1,1,0,64509
mt587,11/21/2017 19:45,7,51,7,1,2,0,65849
mt588,11/21/2017 19:45,61,25,66,0,6,0,19705
mt589,12/6/2017 19:45,25,7,23,3,2,0,73323
mt590,12/6/2017 19:45,51,61,63,3,0,0,42679
mt591,2/13/2018 19:45,16,51,15,2,2,0,41232
mt592,2/13/2018 19:45,63,20,68,0,4,0,36000
mt593,2/14/2018 19:45,13,18,13,0,5,0,47718
mt594,2/14/2018 19:45,25,22,23,3,1,0,78158
mt595,2/20/2018 19:45,9,12,9,1,1,0,37741
mt596,2/20/2018 19:45,5,6,5,5,0,0,70000
mt597,2/21/2018 19:45,26,21,24,0,0,0,39725
mt598,2/21/2018 19:45,27,56,55,2,1,0,35124
mt599,3/6/2018 19:45,18,13,17,0,0,0,48768
mt600,3/6/2018 19:45,22,25,21,1,2,0,46585
mt601,3/7/2018 19:45,51,16,63,1,2,0,84010
mt602,3/7/2018 19:45,20,63,19,1,2,0,49411
mt603,3/13/2018 19:45,21,26,20,1,2,0,74909
mt604,3/13/2018 19:45,56,27,37,1,0,0,47693
mt605,3/14/2018 17:00,6,5,6,1,3,0,36885
mt606,3/14/2018 19:45,12,9,12,3,0,0,97183
mt607,4/3/2018 19:45,26,5,24,1,2,0,40635
mt608,4/3/2018 19:45,16,25,15,0,3,0,40849
mt609,4/4/2018 19:45,12,56,12,4,1,0,90106
mt610,4/4/2018 19:45,18,20,17,3,0,0,50685
mt611,4/10/2018 19:45,56,12,37,3,0,0,56580
mt612,4/10/2018 19:45,20,18,19,1,2,0,53461
mt613,4/11/2018 19:45,5,26,5,0,0,0,70000
mt614,4/11/2018 19:45,25,16,23,1,3,0,75796
mt615,4/24/2018 19:45,18,56,17,5,2,0,51236
mt616,4/25/2018 19:45,5,25,5,1,2,0,70000
mt617,5/1/2018 19:45,25,5,23,2,2,0,77459
mt618,5/2/2018 19:45,56,18,37,4,2,0,61889
mt619,5/26/2018 19:45,25,18,11,3,1,0,61561
mt620,9/13/2016 19:45,63,74,68,1,1,0,30852
mt621,9/13/2016 19:45,22,69,21,1,1,0,46440
mt622,9/28/2016 19:45,69,63,75,2,0,0,59993
mt623,9/28/2016 19:45,74,22,81,1,3,0,17155
mt624,10/19/2016 19:45,69,74,75,6,0,0,59944
mt625,10/19/2016 19:45,22,63,21,3,0,0,46488
mt626,11/1/2016 19:45,63,22,68,1,2,0,34639
mt627,11/1/2016 19:45,74,69,81,2,3,0,30862
mt628,11/23/2016 19:45,69,22,75,2,2,0,59628
mt629,11/23/2016 19:45,74,63,81,0,0,0,20821
mt630,12/6/2016 19:45,63,69,68,1,4,0,36000
mt631,12/6/2016 19:45,22,74,21,2,2,0,42650
mt632,9/13/2016 19:45,11,50,11,1,2,0,35137
mt633,9/13/2016 19:45,28,6,26,1,1,0,42126
mt634,9/28/2016 19:45,6,11,6,1,1,0,33938
mt635,9/28/2016 19:45,50,28,52,4,2,0,41281
mt636,10/19/2016 19:45,11,28,11,0,2,0,25991
mt637,10/19/2016 19:45,50,6,52,2,3,0,28502
mt638,11/1/2016 17:45,6,50,6,1,1,0,35552
mt639,11/1/2016 19:45,28,11,26,1,0,0,51641
mt640,11/23/2016 17:45,6,28,6,3,3,0,36063
mt641,11/23/2016 19:45,50,11,52,0,0,0,33736
mt642,12/6/2016 19:45,11,6,11,6,0,0,14036
mt643,12/6/2016 19:45,28,50,26,1,2,0,55634
mt644,9/13/2016 19:45,12,62,12,7,0,0,73290
mt645,9/14/2016 19:45,20,33,19,4,0,0,30270
mt646,9/28/2016 19:45,33,12,32,1,2,0,46283
mt647,9/28/2016 19:45,62,20,67,3,3,0,57592
mt648,10/19/2016 19:45,62,33,67,0,2,0,57814
mt649,10/19/2016 19:45,12,20,12,4,0,0,96290
mt650,11/1/2016 19:45,33,62,32,1,1,0,46283
mt651,11/1/2016 19:45,20,12,19,3,1,0,53340
mt652,11/23/2016 19:45,33,20,32,1,1,0,45921
mt653,11/23/2016 19:45,62,12,67,0,2,0,57937
mt654,12/6/2016 19:45,12,33,12,4,0,0,67157
mt655,12/6/2016 19:45,20,62,19,1,1,0,51297
mt656,9/13/2016 19:45,5,71,5,5,0,0,70000
mt657,9/13/2016 19:45,59,4,61,0,1,0,33989
mt658,9/28/2016 19:45,4,5,82,1,0,0,48242
mt659,9/28/2016 19:45,71,59,83,2,2,0,12646
mt660,10/19/2016 19:45,5,59,5,4,1,0,70000
mt661,10/19/2016 19:45,71,4,83,0,1,0,15400
mt662,11/1/2016 19:45,4,71,82,2,1,0,40392
mt663,11/1/2016 19:45,59,5,61,1,2,0,35000
mt664,11/23/2016 17:00,71,5,83,3,2,0,15211
mt665,11/23/2016 19:45,4,59,82,2,0,0,37891
mt666,12/6/2016 19:45,5,4,5,1,0,0,70000
mt667,12/6/2016 19:45,59,71,61,0,0,0,33400
mt668,9/14/2016 19:45,43,57,45,2,2,0,23459
mt669,9/14/2016 19:45,51,55,63,1,2,0,85011
mt670,9/27/2016 19:45,55,43,58,1,1,0,8100
mt671,9/27/2016 19:45,57,51,84,0,1,0,26153
mt672,10/18/2016 19:45,43,51,45,0,0,0,28887
mt673,10/18/2016 19:45,57,55,59,1,1,0,24125
mt674,11/2/2016 19:45,55,57,58,3,0,0,10029
mt675,11/2/2016 19:45,51,43,63,0,1,0,85512
mt676,11/22/2016 17:00,57,43,59,1,1,0,19164
mt677,11/22/2016 19:45,55,51,58,2,1,0,13100
mt678,12/7/2016 19:45,43,55,45,3,0,0,21928
mt679,12/7/2016 19:45,51,57,63,3,1,0,62034
mt680,9/14/2016 19:45,72,7,78,0,6,0,27304
mt681,9/14/2016 19:45,25,29,23,2,1,0,72179
mt682,9/27/2016 19:45,7,25,7,2,2,0,65849
mt683,9/27/2016 19:45,29,72,27,2,0,0,40094
mt684,10/18/2016 19:45,25,72,23,5,1,0,70251
mt685,10/18/2016 19:45,29,7,27,1,2,0,46609
mt686,11/2/2016 19:45,7,29,7,1,0,0,65849
mt687,11/2/2016 19:45,72,25,78,3,3,0,0
mt688,11/22/2016 19:45,7,72,7,8,4,0,55094
mt689,11/22/2016 19:45,29,25,27,1,2,0,50046
mt690,12/7/2016 19:45,72,29,78,1,0,0,28232
mt691,12/7/2016 19:45,25,7,23,2,2,0,76894
mt692,9/14/2016 19:45,10,73,10,0,3,0,20970
mt693,9/14/2016 19:45,13,70,13,1,1,0,34325
mt694,9/27/2016 19:45,70,10,76,4,0,0,25605
mt695,9/27/2016 19:45,73,13,79,1,0,0,31805
mt696,10/18/2016 19:45,10,13,10,1,2,0,23325
mt697,10/18/2016 19:45,73,70,79,1,0,0,31037
mt698,11/2/2016 19:45,70,73,76,0,0,0,34146
mt699,11/2/2016 19:45,13,10,13,1,0,0,32310
mt700,11/22/2016 19:45,70,13,76,0,0,0,32036
mt701,11/22/2016 19:45,73,10,79,2,1,0,31443
mt702,12/7/2016 19:45,10,70,10,0,2,0,18981
mt703,12/7/2016 19:45,13,73,13,5,0,0,39310
mt704,9/14/2016 19:45,16,26,15,0,0,0,33261
mt705,9/14/2016 19:45,48,45,50,3,0,0,43754
mt706,9/27/2016 19:45,45,16,47,0,4,0,23875
mt707,9/27/2016 19:45,26,48,24,1,0,0,36741
mt708,10/18/2016 19:45,45,26,47,0,1,0,6021
mt709,10/18/2016 19:45,48,16,50,0,1,0,53907
mt710,11/2/2016 19:45,16,48,15,1,1,0,40356
mt711,11/2/2016 19:45,26,45,24,4,0,0,35215
mt712,11/22/2016 19:45,45,48,47,0,1,0,7834
mt713,11/22/2016 19:45,26,16,24,1,3,0,38942
mt714,12/7/2016 19:45,16,45,15,2,0,0,39380
mt715,12/7/2016 19:45,48,26,50,0,0,0,52423
mt716,2/14/2017 19:45,28,7,26,1,0,0,55124
mt717,2/14/2017 19:45,22,12,21,4,0,0,46484
mt718,2/15/2017 19:45,25,50,23,3,1,0,78000
mt719,2/15/2017 19:45,5,69,5,5,1,0,70000
mt720,2/21/2017 19:45,20,55,19,5,3,0,53351
mt721,2/21/2017 19:45,43,4,45,2,4,0,29300
mt722,2/22/2017 19:45,13,16,13,0,2,0,49229
mt723,2/22/2017 19:45,26,73,24,2,1,0,38834
mt724,3/7/2017 19:45,50,25,52,1,3,0,56695
mt725,3/7/2017 19:45,69,5,75,1,5,0,59911
mt726,3/8/2017 19:45,7,28,7,4,0,0,65849
mt727,3/8/2017 19:45,12,22,12,6,1,0,96290
mt728,3/14/2017 19:45,16,13,15,1,0,0,41161
mt729,3/14/2017 19:45,73,26,79,2,0,0,31520
mt730,3/15/2017 19:45,55,20,58,3,1,0,15700
mt731,3/15/2017 19:45,4,43,82,0,0,0,49133
mt732,4/11/2017 19:45,16,12,15,3,0,0,41092
mt733,4/12/2017 17:45,7,55,7,2,3,0,65849
mt734,4/12/2017 19:45,4,73,82,1,0,0,51423
mt735,4/12/2017 19:45,5,25,5,1,2,0,70000
mt736,4/18/2017 19:45,73,4,79,1,1,0,31548
mt737,4/18/2017 19:45,25,5,23,4,2,0,78346
mt738,4/19/2017 19:45,12,16,12,0,0,0,96290
mt739,4/19/2017 19:50,55,7,58,3,1,0,17135
mt740,5/2/2017 19:45,25,4,23,3,0,0,77609
mt741,5/3/2017 19:45,55,16,58,0,2,0,16762
mt742,5/9/2017 19:45,16,55,15,2,1,0,40244
mt743,5/10/2017 19:45,4,25,82,2,1,0,53422
mt744,6/3/2017 19:45,16,25,85,1,4,0,65842
